Question,Answer
"# Translate:

and

## Footnote

The book and the table.","и

## Footnote

Книга и стол."
"# Translate:

in

## Footnote

I live in the city.","в

## Footnote

Я живу в городе."
"# Translate:

no

## Footnote

No, I do not want this.","нет

## Footnote

Нет, я не хочу это."
"# Translate:

on

## Footnote

The book is on the table.","на

## Footnote

Книга на столе."
"# Translate:

I

## Footnote

I know this.","я

## Footnote

Я знаю это."
"# Translate:

what

## Footnote

What did you say?","что

## Footnote

Что вы сказали?"
"# Translate:

to be

## Footnote

I want to be a friend.","быть

## Footnote

Я хочу быть другом."
"# Translate:

with

## Footnote

I go with my friend.","с

## Footnote

Я иду с моим другом."
"# Translate:

he

## Footnote

He is reading a book.","он

## Footnote

Он читает книгу."
"# Translate:

but

## Footnote

I want this, but not that.","а

## Footnote

Я хочу это, а не то."
"# Translate:

this

## Footnote

This is my book.","это

## Footnote

Это моя книга."
"# Translate:

how

## Footnote

How did you do that?","как

## Footnote

Как вы это сделали?"
"# Translate:

that

## Footnote

I want that.","то

## Footnote

Я хочу то."
"# Translate:

to

## Footnote

I go to my friend.","к

## Footnote

Я иду к другу."
"# Translate:

they

## Footnote

They will come this evening.","они

## Footnote

Они придут сегодня вечером."
"# Translate:

we

## Footnote

We go to the city.","мы

## Footnote

Мы идем в город."
"# Translate:

she

## Footnote

She is reading a book.","она

## Footnote

Она читает книгу."
"# Translate:

which

## Footnote

The book which I read is new.","который

## Footnote

Книга, которую я читал, новая."
"# Translate:

from

## Footnote

I am from this city.","из

## Footnote

Я из этого города."
"# Translate:

near

## Footnote

I live near the house.","у

## Footnote

Я живу у дома."
"# Translate:

own

## Footnote

She wants her own house.","свой

## Footnote

Она хочет свой дом."
"# Translate:

you

## Footnote

How are you feeling today?","вы

## Footnote

Как вы себя чувствуете сегодня?"
"# Translate:

whole

## Footnote

I know the whole city.","весь

## Footnote

Я знаю весь город."
"# Translate:

behind

## Footnote

The car is behind the house.","за

## Footnote

Машина за домом."
"# Translate:

for

## Footnote

This is for you.","для

## Footnote

Это для вас."
"# Translate:

about

## Footnote

She wrote a book about history.","о

## Footnote

Она написала книгу об истории."
"# Translate:

so

## Footnote

I think so.","так

## Footnote

Я так думаю."
"# Translate:

can

## Footnote

I can do this.","мочь

## Footnote

Я могу это сделать."
"# Translate:

though

## Footnote

Though he is young, he knows this.","хотя

## Footnote

Хотя он молодой, он знает это."
"# Translate:

year

## Footnote

I worked there for a year.","год

## Footnote

Я работал там год."
"# Translate:

person

## Footnote

This person is my friend.","человек

## Footnote

Этот человек мой друг."
"# Translate:

one

## Footnote

I have one book.","один

## Footnote

У меня есть одна книга."
"# Translate:

such

## Footnote

It is such a big house.","такой

## Footnote

Это такой большой дом."
"# Translate:

or

## Footnote

This or that?","или

## Footnote

Это или то?"
"# Translate:

if

## Footnote

If you want, I can go.","если

## Footnote

Если вы хотите, я могу идти."
"# Translate:

only

## Footnote

I only know this.","только

## Footnote

Я знаю только это."
"# Translate:

would

## Footnote

I would go if I could.","бы

## Footnote

Я бы пошел, если бы мог."
"# Translate:

oneself

## Footnote

One must always know oneself.","себя

## Footnote

Надо всегда знать себя."
"# Translate:

time

## Footnote

Time waits for no one.","время

## Footnote

Время никого не ждет."
"# Translate:

when

## Footnote

When do you go?","когда

## Footnote

Когда вы идете?"
"# Translate:

already

## Footnote

I already know this.","уже

## Footnote

Я уже знаю это."
"# Translate:

another

## Footnote

I want another book.","другой

## Footnote

Я хочу другую книгу."
"# Translate:

to say

## Footnote

I want to say this.","сказать

## Footnote

Я хочу сказать это."
"# Translate:

until

## Footnote

I work until evening.","до

## Footnote

Я работаю до вечера."
"# Translate:

my

## Footnote

My friend is good.","мой

## Footnote

Мой друг хороший."
"# Translate:

our

## Footnote

Our team is good.","наш

## Footnote

Наша команда хорошая."
"# Translate:

to speak

## Footnote

I want to speak.","говорить

## Footnote

Я хочу говорить."
"# Translate:

most

## Footnote

This is the most interesting book.","самый

## Footnote

Это самая интересная книга."
"# Translate:

know

## Footnote

I know the answer to that question.","знать

## Footnote

Я знаю ответ на этот вопрос."
"# Translate:

here

## Footnote

Here is your book.","вот

## Footnote

Вот ваша книга."
"# Translate:

very

## Footnote

She is very good.","очень

## Footnote

Она очень хорошая."
"# Translate:

who

## Footnote

Who is this?","кто

## Footnote

Кто это?"
"# Translate:

at

## Footnote

He works at the school.","в

## Footnote

Он работает в школе."
"# Translate:

yes

## Footnote

Yes, I know.","да

## Footnote

Да, я знаю."
"# Translate:

become

## Footnote

I want to become a doctor.","стать

## Footnote

Я хочу стать врачом."
"# Translate:

day

## Footnote

Today is a new day.","день

## Footnote

Сегодня новый день."
"# Translate:

first

## Footnote

This is the first book.","первый

## Footnote

Это первая книга."
"# Translate:

even

## Footnote

He could not even answer the question.","даже

## Footnote

Он не мог даже ответить на вопрос."
"# Translate:

life

## Footnote

This is life.","жизнь

## Footnote

Это жизнь."
"# Translate:

nor

## Footnote

Neither he nor she knows this.","ни

## Footnote

Ни он, ни она этого не знает."
"# Translate:

myself

## Footnote

I did it myself.","сам

## Footnote

Я сам это сделал."
"# Translate:

case

## Footnote

I know about this case.","дело

## Footnote

Я знаю об этом деле."
"# Translate:

two

## Footnote

I have two books.","два

## Footnote

У меня две книги."
"# Translate:

new

## Footnote

I bought a new car.","новый

## Footnote

Я купил новую машину."
"# Translate:

to want

## Footnote

I want this.","хотеть

## Footnote

Я хочу это."
"# Translate:

whether

## Footnote

I do not know whether he wants this.","ли

## Footnote

Я не знаю, хочет ли он это."
"# Translate:

there

## Footnote

The book is there.","там

## Footnote

Книга там."
"# Translate:

many

## Footnote

I have many books.","много

## Footnote

У меня много книг."
"# Translate:

work

## Footnote

This is my work.","работа

## Footnote

Это моя работа."
"# Translate:

to have

## Footnote

I want to have time.","иметь

## Footnote

Я хочу иметь время."
"# Translate:

after

## Footnote

After work I go to the city.","после

## Footnote

После работы я иду в город."
"# Translate:

where

## Footnote

Where is my telephone?","где

## Footnote

Где мой телефон?"
"# Translate:

question

## Footnote

This is a question.","вопрос

## Footnote

Это вопрос."
"# Translate:

hand

## Footnote

My hand is on the table.","рука

## Footnote

Моя рука на столе."
"# Translate:

city

## Footnote

I live in a big city.","город

## Footnote

Я живу в большом городе."
"# Translate:

under

## Footnote

The book is under the table.","под

## Footnote

Книга под столом."
"# Translate:

each

## Footnote

Each person has a book.","каждый

## Footnote

У каждого человека есть книга."
"# Translate:

word

## Footnote

I know this word.","слово

## Footnote

Я знаю это слово."
"# Translate:

place

## Footnote

Find your place in the world.","место

## Footnote

Найди своё место в мире."
"# Translate:

without

## Footnote

I cannot live without you.","без

## Footnote

Я не могу жить без вас."
"# Translate:

well

## Footnote

Well, let's go.","ну

## Footnote

Ну, пойдем."
"# Translate:

simply

## Footnote

She simply forgot this.","просто

## Footnote

Она просто забыла это."
"# Translate:

more

## Footnote

This book is more interesting.","более

## Footnote

Эта книга более интересная."
"# Translate:

friend

## Footnote

This is my friend.","друг

## Footnote

Это мой друг."
"# Translate:

big

## Footnote

He bought a big house.","большой

## Footnote

Он купил большой дом."
"# Translate:

must

## Footnote

You must know this.","надо

## Footnote

Вам надо знать это."
"# Translate:

than

## Footnote

He is bigger than you.","чем

## Footnote

Он больше, чем вы."
"# Translate:

your

## Footnote

Is this your book?","ваш

## Footnote

Это ваша книга?"
"# Translate:

to do

## Footnote

I want to do this.","сделать

## Footnote

Я хочу сделать это."
"# Translate:

go

## Footnote

I go to the city.","идти

## Footnote

Я иду в город."
"# Translate:

do

## Footnote

I do this work.","делать

## Footnote

Я делаю эту работу."
"# Translate:

now

## Footnote

I want to sleep now.","сейчас

## Footnote

Я хочу спать сейчас."
"# Translate:

to see

## Footnote

I want to see you.","видеть

## Footnote

Я хочу видеть вас."
"# Translate:

then

## Footnote

I work, then I go.","потом

## Footnote

Я работаю, потом я иду."
"# Translate:

nothing

## Footnote

I know nothing.","ничто

## Footnote

Я ничего не знаю."
"# Translate:

through

## Footnote

I go through the city.","через

## Footnote

Я иду через город."
"# Translate:

world

## Footnote

The world is big.","мир

## Footnote

Мир большой."
"# Translate:

several

## Footnote

I read several books.","несколько

## Footnote

Я читал несколько книг."
"# Translate:

think

## Footnote

I think you know.","думать

## Footnote

Я думаю, что вы знаете."
"# Translate:

therefore

## Footnote

I work here; therefore, I know this city.","поэтому

## Footnote

Я работаю здесь, поэтому знаю этот город."
"# Translate:

side

## Footnote

This is my side.","сторона

## Footnote

Это моя сторона."
"# Translate:

good

## Footnote

This is a good idea.","хороший

## Footnote

Это хорошая идея."
"# Translate:

too

## Footnote

I know this, too.","тоже

## Footnote

Я тоже это знаю."
"# Translate:

eye

## Footnote

This is my eye.","глаз

## Footnote

Это мой глаз."
"# Translate:

house

## Footnote

I live in a big house.","дом

## Footnote

Я живу в большом доме."
"# Translate:

country

## Footnote

I love my country.","страна

## Footnote

Я люблю свою страну."
"# Translate:

strength

## Footnote

His strength is great.","сила

## Footnote

Его сила велика."
"# Translate:

last

## Footnote

This is the last day.","последний

## Footnote

Это последний день."
"# Translate:

to work

## Footnote

I work every day.","работать

## Footnote

Я работаю каждый день."
"# Translate:

also

## Footnote

She also knows this.","также

## Footnote

Она также это знает."
"# Translate:

face

## Footnote

I see her face.","лицо

## Footnote

Я вижу её лицо."
"# Translate:

live

## Footnote

We live in a small city.","жить

## Footnote

Мы живём в маленьком городе."
"# Translate:

part

## Footnote

This is part of the book.","часть

## Footnote

Это часть книги."
"# Translate:

although

## Footnote

Although he is small, he is strong.","хотя

## Footnote

Хотя он маленький, он сильный."
"# Translate:

woman

## Footnote

This woman is my mother.","женщина

## Footnote

Эта женщина — моя мать."
"# Translate:

system

## Footnote

This is a new system.","система

## Footnote

Это новая система."
"# Translate:

always

## Footnote

I always work.","всегда

## Footnote

Я всегда работаю."
"# Translate:

view

## Footnote

I like this view.","вид

## Footnote

Мне нравится этот вид."
"# Translate:

head

## Footnote

I see his head.","голова

## Footnote

Я вижу его голову."
"# Translate:

problem

## Footnote

He solved the problem quickly.","проблема

## Footnote

Он быстро решил проблему."
"# Translate:

end

## Footnote

This is the end of the book.","конец

## Footnote

Это конец книги."
"# Translate:

after all

## Footnote

You knew it, after all.","ведь

## Footnote

Ты ведь это знал."
"# Translate:

between

## Footnote

She sat between her two friends.","между

## Footnote

Она сидела между двумя своими друзьями."
"# Translate:

of course

## Footnote

Of course I know this.","конечно

## Footnote

Конечно, я это знаю."
"# Translate:

watch

## Footnote

I watch a movie in the evening.","смотреть

## Footnote

Я смотрю фильм вечером."
"# Translate:

bye

## Footnote

Bye, my friend.","пока

## Footnote

Пока, мой друг."
"# Translate:

attitude

## Footnote

His attitude to work is good.","отношение

## Footnote

У него хорошее отношение к работе."
"# Translate:

receive

## Footnote

I received your letter.","получить

## Footnote

Я получил ваше письмо."
"# Translate:

give

## Footnote

Give me this book.","дать

## Footnote

Дай мне эту книгу."
"# Translate:

Russian

## Footnote

I love the Russian language.","русский

## Footnote

Я люблю русский язык."
"# Translate:

three

## Footnote

I have three books.","три

## Footnote

У меня три книги."
"# Translate:

second

## Footnote

This is the second book.","второй

## Footnote

Это вторая книга."
"# Translate:

namely

## Footnote

He knows one language, namely Russian.","именно

## Footnote

Он знает один язык, а именно русский."
"# Translate:

before

## Footnote

I saw him before the meeting.","перед

## Footnote

Я видел его перед встречей."
"# Translate:

image

## Footnote

I see this image.","образ

## Footnote

Я вижу этот образ."
"# Translate:

understand

## Footnote

I want to understand this.","понять

## Footnote

Я хочу понять это."
"# Translate:

why

## Footnote

Why did you leave early?","почему

## Footnote

Почему ты ушел рано?"
"# Translate:

any

## Footnote

I want any book.","любой

## Footnote

Я хочу любую книгу."
"# Translate:

however

## Footnote

I know this, however I do not want it.","однако

## Footnote

Я это знаю, однако я этого не хочу."
"# Translate:

nobody

## Footnote

Nobody knows this.","никто

## Footnote

Никто этого не знает."
"# Translate:

hour

## Footnote

We have one hour.","час

## Footnote

У нас один час."
"# Translate:

to start

## Footnote

I want to start this.","начать

## Footnote

Я хочу начать это."
"# Translate:

find

## Footnote

Find my book.","найти

## Footnote

Найди мою книгу."
"# Translate:

to consider

## Footnote

I consider him a close friend.","считать

## Footnote

Я считаю его близким другом."
"# Translate:

take

## Footnote

Take my hand.","взять

## Footnote

Возьми мою руку."
"# Translate:

above

## Footnote

The sky is above the house.","над

## Footnote

Небо над домом."
"# Translate:

earth

## Footnote

We live on the earth.","земля

## Footnote

Мы живём на земле."
"# Translate:

today

## Footnote

Today is a good day.","сегодня

## Footnote

Сегодня хороший день."
"# Translate:

generally

## Footnote

Generally, it's a good idea.","вообще

## Footnote

Вообще, это хорошая идея."
"# Translate:

book

## Footnote

I read this book.","книга

## Footnote

Я читаю эту книгу."
"# Translate:

to go

## Footnote

I want to go with you.","пойти

## Footnote

Я хочу пойти с тобой."
"# Translate:

opportunity

## Footnote

This is a good opportunity.","возможность

## Footnote

Это хорошая возможность."
"# Translate:

some

## Footnote

Some books are new.","некоторый

## Footnote

Некоторые книги новые."
"# Translate:

turn out

## Footnote

The book turned out to be interesting.","оказаться

## Footnote

Книга оказалась интересной."
"# Translate:

to come

## Footnote

He came today.","прийти

## Footnote

Он пришёл сегодня."
"# Translate:

company

## Footnote

I work in a company.","компания

## Footnote

Я работаю в компании."
"# Translate:

history

## Footnote

This is the history of the country.","история

## Footnote

Это история страны."
"# Translate:

to love

## Footnote

I love my mother.","любить

## Footnote

Я люблю свою мать."
"# Translate:

high

## Footnote

The house is very high.","высокий

## Footnote

Дом очень высокий."
"# Translate:

necessary

## Footnote

It is necessary to work.","нужно

## Footnote

Нужно работать."
"# Translate:

almost

## Footnote

I almost forgot this.","почти

## Footnote

Я почти это забыл."
"# Translate:

to stay

## Footnote

I want to stay in the house today.","остаться

## Footnote

Я хочу остаться в доме сегодня."
"# Translate:

result

## Footnote

This is a good result.","результат

## Footnote

Это хороший результат."
"# Translate:

for example

## Footnote

For example, take this book.","например

## Footnote

Например, возьми эту книгу."
"# Translate:

right

## Footnote

This is my right.","право

## Footnote

Это моё право."
"# Translate:

group

## Footnote

I see the group.","группа

## Footnote

Я вижу группу."
"# Translate:

write

## Footnote

I write a letter.","писать

## Footnote

Я пишу письмо."
"# Translate:

sit

## Footnote

I sit at the table.","сидеть

## Footnote

Я сижу за столом."
"# Translate:

path

## Footnote

This is my path.","путь

## Footnote

Это мой путь."
"# Translate:

car

## Footnote

I bought a new car.","машина

## Footnote

Я купил новую машину."
"# Translate:

war

## Footnote

I know about the war.","война

## Footnote

Я знаю о войне."
"# Translate:

to seem

## Footnote

He seems good.","казаться

## Footnote

Он кажется хорошим."
"# Translate:

to stand

## Footnote

I stand at the door.","стоять

## Footnote

Я стою у двери."
"# Translate:

name

## Footnote

Write your name.","имя

## Footnote

Напишите своё имя."
"# Translate:

solve

## Footnote

Let's solve this problem together.","решить

## Footnote

Давайте решим эту проблему вместе."
"# Translate:

never

## Footnote

I never do this.","никогда

## Footnote

Я никогда этого не делаю."
"# Translate:

cost

## Footnote

The book costs one ruble.","стоить

## Footnote

Книга стоит один рубль."
"# Translate:

small

## Footnote

She bought a small house.","маленький

## Footnote

Она купила маленький дом."
"# Translate:

answer

## Footnote

He knew the answer.","ответ

## Footnote

Он знал ответ."
"# Translate:

water

## Footnote

Give me water.","вода

## Footnote

Дай мне воду."
"# Translate:

solution

## Footnote

We found the solution.","решение

## Footnote

Мы нашли решение."
"# Translate:

god

## Footnote

I believe in God.","бог

## Footnote

Я верю в бога."
"# Translate:

completely

## Footnote

He completely forgot this.","совсем

## Footnote

Он совсем забыл это."
"# Translate:

language

## Footnote

This is a new language.","язык

## Footnote

Это новый язык."
"# Translate:

far

## Footnote

The house is far from the city.","далеко

## Footnote

Дом далеко от города."
"# Translate:

to give

## Footnote

I give him a book.","давать

## Footnote

Я даю ему книгу."
"# Translate:

to answer

## Footnote

I want to answer the question.","ответить

## Footnote

Я хочу ответить на вопрос."
"# Translate:

full

## Footnote

The room is full.","полный

## Footnote

Комната полна."
"# Translate:

people

## Footnote

The people want this.","народ

## Footnote

Народ хочет этого."
"# Translate:

power

## Footnote

He wants power.","власть

## Footnote

Он хочет власти."
"# Translate:

immediately

## Footnote

He left immediately.","сразу

## Footnote

Он ушёл сразу."
"# Translate:

level

## Footnote

The water level is high.","уровень

## Footnote

Уровень воды высокий."
"# Translate:

to exit

## Footnote

I want to exit the house.","выйти

## Footnote

Я хочу выйти из дома."
"# Translate:

night

## Footnote

I sleep at night.","ночь

## Footnote

Я сплю ночью."
"# Translate:

often

## Footnote

I often work in the morning.","часто

## Footnote

Я часто работаю утром."
"# Translate:

ask

## Footnote

Can I ask you?","спросить

## Footnote

Могу я вас спросить?"
"# Translate:

development

## Footnote

This is economic development.","развитие

## Footnote

Это экономическое развитие."
"# Translate:

program

## Footnote

I started a new program.","программа

## Footnote

Я начал новую программу."
"# Translate:

beginning

## Footnote

This is the beginning of the book.","начало

## Footnote

Это начало книги."
"# Translate:

it

## Footnote

It is new.","оно

## Footnote

Оно новое."
"# Translate:

main

## Footnote

This is the main goal.","главный

## Footnote

Это главная цель."
"# Translate:

door

## Footnote

Open the door.","дверь

## Footnote

Откройте дверь."
"# Translate:

together

## Footnote

We work together.","вместе

## Footnote

Мы работаем вместе."
"# Translate:

moment

## Footnote

This moment is important.","момент

## Footnote

Этот момент важен."
"# Translate:

law

## Footnote

I know this law.","закон

## Footnote

Я знаю этот закон."
"# Translate:

number

## Footnote

This is a big number.","число

## Footnote

Это большое число."
"# Translate:

goal

## Footnote

This is my goal.","цель

## Footnote

Это моя цель."
"# Translate:

accept

## Footnote

I can accept this.","принять

## Footnote

Я могу принять это."
"# Translate:

next

## Footnote

Who is next in the queue?","следующий

## Footnote

Кто следующий в очереди?"
"# Translate:

to write

## Footnote

I must write a letter.","написать

## Footnote

Мне надо написать письмо."
"# Translate:

father

## Footnote

I love my father.","отец

## Footnote

Я люблю своего отца."
"# Translate:

truth

## Footnote

I know the truth.","правда

## Footnote

Я знаю правду."
"# Translate:

leg

## Footnote

This is my leg.","нога

## Footnote

Это моя нога."
"# Translate:

old

## Footnote

My old friend is there.","старый

## Footnote

Мой старый друг там."
"# Translate:

help

## Footnote

Thank you for your help.","помощь

## Footnote

Спасибо за вашу помощь."
"# Translate:

information

## Footnote

We want more information.","информация

## Footnote

Мы хотим ещё информации."
"# Translate:

grass snake

## Footnote

I see a grass snake.","уж

## Footnote

Я вижу ужа."
"# Translate:

thousand

## Footnote

I have a thousand rubles.","тысяча

## Footnote

У меня тысяча рублей."
"# Translate:

similar

## Footnote

They have similar interests.","подобный

## Footnote

У них подобные интересы."
"# Translate:

different

## Footnote

We have different opinions.","разный

## Footnote

У нас разные мнения."
"# Translate:

general

## Footnote

This is a general question.","общий

## Footnote

Это общий вопрос."
"# Translate:

month

## Footnote

I work this month.","месяц

## Footnote

Я работаю в этом месяце."
"# Translate:

pass

## Footnote

We passed by the house.","пройти

## Footnote

Мы прошли мимо дома."
"# Translate:

except

## Footnote

I work every day except this day.","кроме

## Footnote

Я работаю каждый день, кроме этого дня."
"# Translate:

minute

## Footnote

One minute is enough.","минута

## Footnote

Одной минуты достаточно."
"# Translate:

little

## Footnote

I have little time.","мало

## Footnote

У меня мало времени."
"# Translate:

everything

## Footnote

I know everything.","всё

## Footnote

Я знаю всё."
"# Translate:

process

## Footnote

I know this process.","процесс

## Footnote

Я знаю этот процесс."
"# Translate:

situation

## Footnote

This situation is bad.","ситуация

## Footnote

Эта ситуация плохая."
"# Translate:

to be able

## Footnote

I was able to do this.","смочь

## Footnote

Я смог это сделать."
"# Translate:

author

## Footnote

The author wrote this book.","автор

## Footnote

Автор написал эту книгу."
"# Translate:

form

## Footnote

Give me the form.","форма

## Footnote

Дайте мне форму."
"# Translate:

voice

## Footnote

I hear your voice.","голос

## Footnote

Я слышу ваш голос."
"# Translate:

thought

## Footnote

This thought is good.","мысль

## Footnote

Эта мысль хорошая."
"# Translate:

light

## Footnote

I see the light.","свет

## Footnote

Я вижу свет."
"# Translate:

quality

## Footnote

The quality is good.","качество

## Footnote

Качество хорошее."
"# Translate:

school

## Footnote

I go to school every day.","школа

## Footnote

Я хожу в школу каждый день."
"# Translate:

every

## Footnote

Every person knows this.","каждый

## Footnote

Каждый человек знает это."
"# Translate:

action

## Footnote

This action is good.","действие

## Footnote

Это действие хорошее."
"# Translate:

man

## Footnote

I see a man.","мужчина

## Footnote

Я вижу мужчину."
"# Translate:

region

## Footnote

This region is big.","область

## Footnote

Эта область большая."
"# Translate:

attention

## Footnote

Thank you for your attention.","внимание

## Footnote

Спасибо за ваше внимание."
"# Translate:

to follow

## Footnote

I follow this path.","следовать

## Footnote

Я следую этому пути."
"# Translate:

use

## Footnote

I use this.","использовать

## Footnote

Я использую это."
"# Translate:

road

## Footnote

I see the road.","дорога

## Footnote

Я вижу дорогу."
"# Translate:

connection

## Footnote

Our connection is strong.","связь

## Footnote

Наша связь сильная."
"# Translate:

look

## Footnote

I remember his look.","взгляд

## Footnote

Я помню его взгляд."
"# Translate:

condition

## Footnote

I know this condition.","условие

## Footnote

Я знаю это условие."
"# Translate:

young

## Footnote

She is young.","молодой

## Footnote

Она молодая."
"# Translate:

soon

## Footnote

I will be there soon.","скоро

## Footnote

Я скоро буду там."
"# Translate:

again

## Footnote

He is reading this again.","снова

## Footnote

Он снова читает это."
"# Translate:

love

## Footnote

I feel love.","любовь

## Footnote

Я чувствую любовь."
"# Translate:

to become

## Footnote

She is becoming famous.","становиться

## Footnote

Она становится известной."
"# Translate:

important

## Footnote

This is an important question.","важный

## Footnote

Это важный вопрос."
"# Translate:

wait

## Footnote

Wait for me there.","ждать

## Footnote

Ждите меня там."
"# Translate:

suddenly

## Footnote

Suddenly he came.","вдруг

## Footnote

Вдруг он пришёл."
"# Translate:

game

## Footnote

We play a new game.","игра

## Footnote

Мы играем в новую игру."
"# Translate:

read

## Footnote

I love to read books every day.","читать

## Footnote

Я люблю читать книги каждый день."
"# Translate:

article

## Footnote

I read an interesting article.","статья

## Footnote

Я читаю интересную статью."
"# Translate:

organization

## Footnote

I know this organization.","организация

## Footnote

Я знаю эту организацию."
"# Translate:

means

## Footnote

We have the means to do this.","средство

## Footnote

У нас есть средства, чтобы это сделать."
"# Translate:

to exist

## Footnote

They exist.","существовать

## Footnote

Они существуют."
"# Translate:

soul

## Footnote

I feel my soul.","душа

## Footnote

Я чувствую свою душу."
"# Translate:

to try

## Footnote

I try again.","пытаться

## Footnote

Я пытаюсь снова."
"# Translate:

body

## Footnote

I see the body.","тело

## Footnote

Я вижу тело."
"# Translate:

to watch

## Footnote

I want to watch this.","посмотреть

## Footnote

Я хочу посмотреть это."
"# Translate:

society

## Footnote

I know this society.","общество

## Footnote

Я знаю это общество."
"# Translate:

wife

## Footnote

He loves his wife.","жена

## Footnote

Он любит свою жену."
"# Translate:

state

## Footnote

This is a state.","государство

## Footnote

Это государство."
"# Translate:

absolutely

## Footnote

Absolutely nobody was there.","совершенно

## Footnote

Совершенно никого там не было."
"# Translate:

letter

## Footnote

I received a letter today.","письмо

## Footnote

Я получил письмо сегодня."
"# Translate:

evening

## Footnote

Good evening.","вечер

## Footnote

Добрый вечер."
"# Translate:

real

## Footnote

This is a real friend.","настоящий

## Footnote

Это настоящий друг."
"# Translate:

back

## Footnote

He looks back.","назад

## Footnote

Он смотрит назад."
"# Translate:

meaning

## Footnote

What is the meaning of life?","смысл

## Footnote

В чём смысл жизни?"
"# Translate:

measure

## Footnote

This measure is good.","мера

## Footnote

Эта мера хорошая."
"# Translate:

family

## Footnote

Family is everything to me.","семья

## Footnote

Семья для меня - это всё."
"# Translate:

simple

## Footnote

The solution was simple.","простой

## Footnote

Решение было простым."
"# Translate:

thing

## Footnote

I see this thing.","вещь

## Footnote

Я вижу эту вещь."
"# Translate:

return

## Footnote

I returned to the house.","вернуться

## Footnote

Я вернулся в дом."
"# Translate:

reason

## Footnote

I know the reason.","причина

## Footnote

Я знаю причину."
"# Translate:

morning

## Footnote

Good morning.","утро

## Footnote

Доброе утро."
"# Translate:

mother

## Footnote

I love my mother.","мать

## Footnote

Я люблю свою мать."
"# Translate:

market

## Footnote

I am at the market today.","рынок

## Footnote

Я сегодня на рынке."
"# Translate:

really

## Footnote

Is this really so?","действительно

## Footnote

Это действительно так?"
"# Translate:

to occur

## Footnote

Such events occur.","происходить

## Footnote

Такие события происходят."
"# Translate:

given

## Footnote

I know the given fact.","данный

## Footnote

Я знаю данный факт."
"# Translate:

girl

## Footnote

I see a girl.","девушка

## Footnote

Я вижу девушку."
"# Translate:

lead

## Footnote

I lead the team.","вести

## Footnote

Я веду команду."
"# Translate:

how much

## Footnote

How much does it cost?","сколько

## Footnote

Сколько это стоит?"
"# Translate:

topic

## Footnote

This is a new topic.","тема

## Footnote

Это новая тема."
"# Translate:

table

## Footnote

The book is on the table.","стол

## Footnote

Книга на столе."
"# Translate:

project

## Footnote

This is a new project.","проект

## Footnote

Это новый проект."
"# Translate:

street

## Footnote

I am on the street.","улица

## Footnote

Я на улице."
"# Translate:

remember

## Footnote

Always remember your first love.","помнить

## Footnote

Всегда помни свою первую любовь."
"# Translate:

to call

## Footnote

They call him that.","называть

## Footnote

Они называют его так."
"# Translate:

point

## Footnote

I see a point.","точка

## Footnote

Я вижу точку."
"# Translate:

appear

## Footnote

He appeared at night.","появиться

## Footnote

Он появился ночью."
"# Translate:

cannot

## Footnote

You cannot do this.","нельзя

## Footnote

Вам нельзя это делать."
"# Translate:

white

## Footnote

I see a white house.","белый

## Footnote

Я вижу белый дом."
"# Translate:

center

## Footnote

I am at the center.","центр

## Footnote

Я в центре."
"# Translate:

equal

## Footnote

We are equal.","равный

## Footnote

Мы равны."
"# Translate:

against

## Footnote

She is against the new policy.","против

## Footnote

Она против новой политики."
"# Translate:

week

## Footnote

This week is good.","неделя

## Footnote

Эта неделя хорошая."
"# Translate:

idea

## Footnote

I love your idea.","идея

## Footnote

Мне нравится ваша идея."
"# Translate:

especially

## Footnote

I love this, especially now.","особенно

## Footnote

Я люблю это, особенно сейчас."
"# Translate:

to fall

## Footnote

The book fell on the table.","упасть

## Footnote

Книга упала на стол."
"# Translate:

room

## Footnote

I am in my room.","комната

## Footnote

Я в своей комнате."
"# Translate:

other

## Footnote

We have no other way.","иной

## Footnote

У нас нет иного пути."
"# Translate:

price

## Footnote

The price is too high.","цена

## Footnote

Цена слишком высокая."
"# Translate:

finally

## Footnote

Finally I know.","наконец

## Footnote

Наконец я знаю."
"# Translate:

famous

## Footnote

He is famous in the world.","известный

## Footnote

Он известен в мире."
"# Translate:

among

## Footnote

He is among friends.","среди

## Footnote

Он среди друзей."
"# Translate:

son

## Footnote

His son loves to play.","сын

## Footnote

Его сын любит играть."
"# Translate:

activity

## Footnote

His activity is important.","деятельность

## Footnote

Его деятельность важна."
"# Translate:

find out

## Footnote

I want to find out.","узнать

## Footnote

Я хочу узнать."
"# Translate:

play

## Footnote

Let's play a game together.","играть

## Footnote

Давайте вместе играть в игру."
"# Translate:

rule

## Footnote

Always follow the rule.","правило

## Footnote

Всегда следуйте правилу."
"# Translate:

Soviet

## Footnote

This is a Soviet book.","советский

## Footnote

Это советская книга."
"# Translate:

movement

## Footnote

I see the movement.","движение

## Footnote

Я вижу движение."
"# Translate:

to engage

## Footnote

I engage in research.","заниматься

## Footnote

Я занимаюсь исследованием."
"# Translate:

exactly

## Footnote

This is exactly what I want.","точно

## Footnote

Это точно то, что я хочу."
"# Translate:

huge

## Footnote

The house is huge.","огромный

## Footnote

Дом огромный."
"# Translate:

mom

## Footnote

I love my mom.","мама

## Footnote

Я люблю свою маму."
"# Translate:

task

## Footnote

I have a task.","задача

## Footnote

У меня есть задача."
"# Translate:

great

## Footnote

He is a great man.","великий

## Footnote

Он великий человек."
"# Translate:

quantity

## Footnote

The quantity is huge.","количество

## Footnote

Количество огромное."
"# Translate:

feeling

## Footnote

I know this feeling.","чувство

## Footnote

Я знаю это чувство."
"# Translate:

sometimes

## Footnote

Sometimes I read.","иногда

## Footnote

Иногда я читаю."
"# Translate:

death

## Footnote

Death is a part of life.","смерть

## Footnote

Смерть — часть жизни."
"# Translate:

enough

## Footnote

I have enough time.","достаточно

## Footnote

У меня достаточно времени."
"# Translate:

to lie

## Footnote

She is lying there.","лежать

## Footnote

Она лежит там."
"# Translate:

opinion

## Footnote

I have my own opinion.","мнение

## Footnote

У меня своё мнение."
"# Translate:

labor

## Footnote

His labor is important.","труд

## Footnote

Его труд важен."
"# Translate:

five

## Footnote

I have five books.","пять

## Footnote

У меня пять книг."
"# Translate:

third

## Footnote

This is the third day.","третий

## Footnote

Это третий день."
"# Translate:

notice

## Footnote

I did not notice you.","заметить

## Footnote

Я не заметил вас."
"# Translate:

ready

## Footnote

I am ready to start now.","готовый

## Footnote

Я готов начать сейчас."
"# Translate:

quickly

## Footnote

He quickly did the work.","быстро

## Footnote

Он быстро сделал работу."
"# Translate:

strong

## Footnote

He is strong.","сильный

## Footnote

Он сильный."
"# Translate:

order

## Footnote

There is order in the house.","порядок

## Footnote

В доме есть порядок."
"# Translate:

to feel

## Footnote

I feel good.","чувствовать

## Footnote

Я хорошо себя чувствую."
"# Translate:

create

## Footnote

I want to create this.","создать

## Footnote

Я хочу создать это."
"# Translate:

example

## Footnote

This is an example.","пример

## Footnote

Это пример."
"# Translate:

position

## Footnote

I know his position.","положение

## Footnote

Я знаю его положение."
"# Translate:

century

## Footnote

We live in this century.","век

## Footnote

Мы живём в этом веке."
"# Translate:

to continue

## Footnote

We continue the work.","продолжать

## Footnote

Мы продолжаем работу."
"# Translate:

to think

## Footnote

I want to think.","подумать

## Footnote

Я хочу подумать."
"# Translate:

husband

## Footnote

Her husband is in the house.","муж

## Footnote

Её муж в доме."
"# Translate:

since

## Footnote

Since you asked, I can do this.","поскольку

## Footnote

Поскольку вы спросили, я могу это сделать."
"# Translate:

leave

## Footnote

I want to leave.","уйти

## Footnote

Я хочу уйти."
"# Translate:

at least

## Footnote

At least you know this.","по крайней мере

## Footnote

По крайней мере, вы знаете это."
"# Translate:

military

## Footnote

He is in the military.","военный

## Footnote

Он военный."
"# Translate:

speech

## Footnote

His speech is good.","речь

## Footnote

Его речь хорошая."
"# Translate:

plan

## Footnote

I have a plan.","план

## Footnote

У меня есть план."
"# Translate:

council

## Footnote

The council is in the city.","совет

## Footnote

Совет в городе."
"# Translate:

political

## Footnote

This is a political question.","политический

## Footnote

Это политический вопрос."
"# Translate:

wall

## Footnote

The room had one red wall.","стена

## Footnote

В комнате была одна красная стена."
"# Translate:

represent

## Footnote

I represent the company.","представлять

## Footnote

Я представляю компанию."
"# Translate:

to hear

## Footnote

I want to hear you.","слышать

## Footnote

Я хочу слышать вас."
"# Translate:

to walk

## Footnote

I love to walk.","ходить

## Footnote

Я люблю ходить."
"# Translate:

window

## Footnote

I see the window.","окно

## Footnote

Я вижу окно."
"# Translate:

nearby

## Footnote

The school is nearby.","рядом

## Footnote

Школа рядом."
"# Translate:

show

## Footnote

Show me the book.","показать

## Footnote

Покажи мне книгу."
"# Translate:

experience

## Footnote

She has work experience.","опыт

## Footnote

У неё опыт работы."
"# Translate:

type

## Footnote

This is a new type of car.","тип

## Footnote

Это новый тип машины."
"# Translate:

both

## Footnote

Both books are on the table.","оба

## Footnote

Обе книги на столе."
"# Translate:

interest

## Footnote

I have an interest in this.","интерес

## Footnote

У меня есть интерес к этому."
"# Translate:

modern

## Footnote

This is a modern house.","современный

## Footnote

Это современный дом."
"# Translate:

bad

## Footnote

This is a bad idea.","плохой

## Footnote

Это плохая идея."
"# Translate:

heart

## Footnote

He has a good heart.","сердце

## Footnote

У него доброе сердце."
"# Translate:

management

## Footnote

Company management is important.","управление

## Footnote

Управление компанией важно."
"# Translate:

science

## Footnote

I love science.","наука

## Footnote

Я люблю науку."
"# Translate:

message

## Footnote

I received your message.","сообщение

## Footnote

Я получил ваше сообщение."
"# Translate:

a little

## Footnote

I slept a little at night.","немного

## Footnote

Я немного спал ночью."
"# Translate:

newspaper

## Footnote

He reads the newspaper every morning.","газета

## Footnote

Он читает газету каждое утро."
"# Translate:

interesting

## Footnote

That's an interesting idea.","интересный

## Footnote

Это интересная идея."
"# Translate:

alive

## Footnote

He is still alive.","живой

## Footnote

Он ещё жив."
"# Translate:

put

## Footnote

I put the book on the table.","положить

## Footnote

Я положил книгу на стол."
"# Translate:

material

## Footnote

We have the material.","материал

## Footnote

У нас есть материал."
"# Translate:

role

## Footnote

His role is important.","роль

## Footnote

Его роль важна."
"# Translate:

open

## Footnote

Open the window.","открыть

## Footnote

Откройте окно."
"# Translate:

introduce

## Footnote

I want to introduce my friend.","представить

## Footnote

Я хочу представить моего друга."
"# Translate:

fully

## Footnote

He was fully ready.","полностью

## Footnote

Он был полностью готов."
"# Translate:

as if

## Footnote

He spoke as if he knew.","будто

## Footnote

Он говорил, будто он знал."
"# Translate:

to tell

## Footnote

I want to tell you this.","рассказать

## Footnote

Я хочу рассказать вам это."
"# Translate:

to go out

## Footnote

We go out in the evening.","выходить

## Footnote

Мы выходим вечером."
"# Translate:

early

## Footnote

He came early today.","рано

## Footnote

Он пришёл рано сегодня."
"# Translate:

long ago

## Footnote

Long ago, we were friends.","давно

## Footnote

Давно мы были друзьями."
"# Translate:

army

## Footnote

The army passed through the city.","армия

## Footnote

Армия прошла через город."
"# Translate:

worker

## Footnote

He is a worker.","рабочий

## Footnote

Он рабочий."
"# Translate:

four

## Footnote

I have four books.","четыре

## Footnote

У меня четыре книги."
"# Translate:

to be afraid

## Footnote

I am afraid.","бояться

## Footnote

Я боюсь."
"# Translate:

long

## Footnote

I waited long for an answer.","долго

## Footnote

Я долго ждал ответа."
"# Translate:

to bring

## Footnote

I want to bring my friend.","привести

## Footnote

Я хочу привести своего друга."
"# Translate:

president

## Footnote

He is the president.","президент

## Footnote

Он президент."
"# Translate:

either

## Footnote

Take either this or that.","либо

## Footnote

Возьмите либо это, либо то."
"# Translate:

event

## Footnote

The event was important.","событие

## Footnote

Событие было важным."
"# Translate:

less

## Footnote

This is less important.","менее

## Footnote

Это менее важно."
"# Translate:

red

## Footnote

The wall is red.","красный

## Footnote

Стена красная."
"# Translate:

social

## Footnote

Social problems are important.","социальный

## Footnote

Социальные проблемы важны."
"# Translate:

to search

## Footnote

I search for an answer.","искать

## Footnote

Я ищу ответ."
"# Translate:

majority

## Footnote

The majority wants this.","большинство

## Footnote

Большинство хочет этого."
"# Translate:

business

## Footnote

She has her own business.","бизнес

## Footnote

У неё свой бизнес."
"# Translate:

let

## Footnote

Let it be so.","пусть

## Footnote

Пусть будет так."
"# Translate:

easily

## Footnote

She easily found the answer.","легко

## Footnote

Она легко нашла ответ."
"# Translate:

government

## Footnote

The government has a new policy.","правительство

## Footnote

У правительства новая политика."
"# Translate:

straight

## Footnote

Go straight to the house.","прямо

## Footnote

Идите прямо к дому."
"# Translate:

chapter

## Footnote

I read this chapter.","глава

## Footnote

Я читаю эту главу."
"# Translate:

member

## Footnote

He is a member of the group.","член

## Footnote

Он член группы."
"# Translate:

court

## Footnote

He appeared in court.","суд

## Footnote

Он появился в суде."
"# Translate:

possibly

## Footnote

Possibly, he knows the answer.","возможно

## Footnote

Возможно, он знает ответ."
"# Translate:

to accept

## Footnote

I accept your help.","принимать

## Footnote

Я принимаю вашу помощь."
"# Translate:

ruble

## Footnote

This costs one ruble.","рубль

## Footnote

Это стоит один рубль."
"# Translate:

b

## Footnote

Write b.","б

## Footnote

Напишите б."
"# Translate:

million

## Footnote

This costs a million.","миллион

## Footnote

Это стоит миллион."
"# Translate:

movie

## Footnote

I watched a movie at night.","фильм

## Footnote

Я смотрел фильм ночью."
"# Translate:

usually

## Footnote

I usually do this in the morning.","обычно

## Footnote

Я обычно делаю это утром."
"# Translate:

sleep

## Footnote

I want to sleep now.","спать

## Footnote

Я хочу спать сейчас."
"# Translate:

culture

## Footnote

This is the culture of our society.","культура

## Footnote

Это культура нашего общества."
"# Translate:

text

## Footnote

I read this text.","текст

## Footnote

Я читаю этот текст."
"# Translate:

document

## Footnote

This is an important document.","документ

## Footnote

Это важный документ."
"# Translate:

principle

## Footnote

This is an important principle.","принцип

## Footnote

Это важный принцип."
"# Translate:

conversation

## Footnote

We had a conversation.","разговор

## Footnote

У нас был разговор."
"# Translate:

telephone

## Footnote

The telephone is here.","телефон

## Footnote

Телефон здесь."
"# Translate:

occur

## Footnote

This can occur soon.","произойти

## Footnote

Это может произойти скоро."
"# Translate:

method

## Footnote

This is a good method.","способ

## Footnote

Это хороший способ."
"# Translate:

current

## Footnote

The current is strong.","течение

## Footnote

Течение сильное."
"# Translate:

conduct

## Footnote

We conducted a meeting.","провести

## Footnote

Мы провели встречу."
"# Translate:

around

## Footnote

They walk around the house.","вокруг

## Footnote

Они ходят вокруг дома."
"# Translate:

buy

## Footnote

I bought a new book.","купить

## Footnote

Я купил новую книгу."
"# Translate:

parent

## Footnote

Every parent is important.","родитель

## Footnote

Каждый родитель важен."
"# Translate:

row

## Footnote

They stand in a row.","ряд

## Footnote

Они стоят в ряд."
"# Translate:

still

## Footnote

I still have time.","ещё

## Footnote

У меня ещё есть время."
"# Translate:

meter

## Footnote

Two meters is enough.","метр

## Footnote

Двух метров достаточно."
"# Translate:

site

## Footnote

Look at our site.","сайт

## Footnote

Посмотрите на наш сайт."
"# Translate:

party

## Footnote

This party is in power.","партия

## Footnote

Эта партия у власти."
"# Translate:

to allow

## Footnote

I allow this.","позволять

## Footnote

Я позволяю это."
"# Translate:

education

## Footnote

Education is important.","образование

## Footnote

Образование важно."
"# Translate:

probably

## Footnote

He will probably come today.","наверное

## Footnote

Он, наверное, придёт сегодня."
"# Translate:

period

## Footnote

This period was long ago.","период

## Footnote

Этот период был давно."
"# Translate:

by the way

## Footnote

By the way, I forgot to ask.","кстати

## Footnote

Кстати, я забыл спросить."
"# Translate:

pair

## Footnote

They are a pair.","пара

## Footnote

Они пара."
"# Translate:

apartment

## Footnote

I live in an apartment.","квартира

## Footnote

Я живу в квартире."
"# Translate:

forget

## Footnote

Do not forget this again.","забыть

## Footnote

Не забудьте это снова."
"# Translate:

internal

## Footnote

This is an internal problem.","внутренний

## Footnote

Это внутренняя проблема."
"# Translate:

tie

## Footnote

I will tie this together.","связать

## Footnote

Я свяжу это вместе."
"# Translate:

demand

## Footnote

They demand action now.","требовать

## Footnote

Они требуют действия сейчас."
"# Translate:

further

## Footnote

Read further.","далее

## Footnote

Читайте далее."
"# Translate:

foundation

## Footnote

Education is the foundation.","основа

## Footnote

Образование - это основа."
"# Translate:

possible

## Footnote

This is a possible answer.","возможный

## Footnote

Это возможный ответ."
"# Translate:

desire

## Footnote

She has a strong desire.","желание

## Footnote

У неё сильное желание."
"# Translate:

listen

## Footnote

I listen to you.","слушать

## Footnote

Я слушаю вас."
"# Translate:

change

## Footnote

This is an important change.","изменение

## Footnote

Это важное изменение."
"# Translate:

queue

## Footnote

I see a queue.","очередь

## Footnote

Я вижу очередь."
"# Translate:

policy

## Footnote

This is the policy of the company.","политика

## Footnote

Это политика компании."
"# Translate:

class

## Footnote

She is in class.","класс

## Footnote

Она в классе."
"# Translate:

relate

## Footnote

This does not relate to the problem.","относиться

## Footnote

Это не относится к проблеме."
"# Translate:

fact

## Footnote

This is a fact.","факт

## Footnote

Это факт."
"# Translate:

brother

## Footnote

My brother is my friend.","брат

## Footnote

Мой брат - мой друг."
"# Translate:

to gather

## Footnote

We gather at the house.","собираться

## Footnote

Мы собираемся у дома."
"# Translate:

quite

## Footnote

This is quite important.","довольно

## Footnote

Это довольно важно."
"# Translate:

production

## Footnote

Production is important.","производство

## Footnote

Производство важно."
"# Translate:

creation

## Footnote

This is the creation of a new form.","создание

## Footnote

Это создание новой формы."
"# Translate:

district

## Footnote

I live in this district.","район

## Footnote

Я живу в этом районе."
"# Translate:

special

## Footnote

She received a special letter.","особый

## Footnote

Она получила особое письмо."
"# Translate:

to believe

## Footnote

I believe in you.","верить

## Footnote

Я верю в вас."
"# Translate:

thank you

## Footnote

Thank you for your help.","спасибо

## Footnote

Спасибо за вашу помощь."
"# Translate:

enterprise

## Footnote

This is a new enterprise.","предприятие

## Footnote

Это новое предприятие."
"# Translate:

close

## Footnote

We are very close friends.","близкий

## Footnote

Мы очень близкие друзья."
"# Translate:

move

## Footnote

This is a good move.","ход

## Footnote

Это хороший ход."
"# Translate:

economic

## Footnote

This is an economic problem.","экономический

## Footnote

Это экономическая проблема."
"# Translate:

acquainted

## Footnote

He is acquainted with this.","знакомый

## Footnote

Он знаком с этим."
"# Translate:

human

## Footnote

Human life is important.","человеческий

## Footnote

Человеческая жизнь важна."
"# Translate:

local

## Footnote

This is a local market.","местный

## Footnote

Это местный рынок."
"# Translate:

to name

## Footnote

They named this.","назвать

## Footnote

Они назвали это."
"# Translate:

sky

## Footnote

The sky is high.","небо

## Footnote

Небо высокое."
"# Translate:

direction

## Footnote

Go in this direction.","направление

## Footnote

Идите в этом направлении."
"# Translate:

succeed

## Footnote

The plan may succeed.","удаться

## Footnote

План может удаться."
"# Translate:

meeting

## Footnote

Our meeting is today.","встреча

## Footnote

Наша встреча сегодня."
"# Translate:

step

## Footnote

This is an important step.","шаг

## Footnote

Это важный шаг."
"# Translate:

remaining

## Footnote

The remaining part is small.","остальной

## Footnote

Остальная часть маленькая."
"# Translate:

to get into

## Footnote

He got into the house.","попасть

## Footnote

Он попал в дом."
"# Translate:

team

## Footnote

The team worked together.","команда

## Footnote

Команда работала вместе."
"# Translate:

kind

## Footnote

She is a kind person.","добрый

## Footnote

Она добрый человек."
"# Translate:

field

## Footnote

The field is big.","поле

## Footnote

Поле большое."
"# Translate:

research

## Footnote

This is important research.","исследование

## Footnote

Это важное исследование."
"# Translate:

public

## Footnote

This is a public place.","общественный

## Footnote

Это общественное место."
"# Translate:

her

## Footnote

This is her book.","её

## Footnote

Это её книга."
"# Translate:

boy

## Footnote

The boy is young.","мальчик

## Footnote

Мальчик молодой."
"# Translate:

growth

## Footnote

Economic growth is important.","рост

## Footnote

Экономический рост важен."
"# Translate:

to leave

## Footnote

He leaves early.","уходить

## Footnote

Он уходит рано."
"# Translate:

service

## Footnote

He is in military service.","служба

## Footnote

Он на военной службе."
"# Translate:

population

## Footnote

The population of the city is huge.","население

## Footnote

Население города огромное."
"# Translate:

air

## Footnote

The air is good.","воздух

## Footnote

Воздух хороший."
"# Translate:

blood

## Footnote

Blood is red.","кровь

## Footnote

Кровь красная."
"# Translate:

to ask

## Footnote

I ask you.","спрашивать

## Footnote

Я спрашиваю вас."
"# Translate:

vision

## Footnote

My vision is good.","зрение

## Footnote

Моё зрение хорошее."
"# Translate:

doctor

## Footnote

I see the doctor.","врач

## Footnote

Я вижу врача."
"# Translate:

to like

## Footnote

I like this book.","нравиться

## Footnote

Мне нравится эта книга."
